x,y,file,label,class
-11.04642073,-4.566878416,,Nv,1
11.7970308,6.51408033,,Nv,1
-16.75471366,9.996280091,,Nv,1
-8.38366071,2.705876743,,Nv,1
-9.93134213,6.411611358,,Nv,1
4.782671651,-13.01799439,,Nv,1
4.797833559,6.350434975,,Nv,1
-6.637347118,2.146809096,,Nv,1
-16.22478469,6.029400024,,Nv,1
-11.98427471,9.317357313,,Nv,1
-10.52554634,10.56997048,,Nv,1
-5.10739111,-7.972446555,,Nv,1
-6.221550582,3.301425045,,Nv,1
-9.108344625,2.996158804,,Nv,1
-14.52696429,5.805827534,,Nv,1
-5.753743252,11.37203856,,Nv,1
-12.92772939,4.757349354,,Nv,1
-3.668712704,2.763529677,,Nv,1
-14.00664641,6.279781029,,Nv,1
-11.85807238,-4.135628568,,Nv,1
-3.337072258,-6.64709041,,Nv,1
-3.152263934,3.498148601,,Nv,1
-13.29068108,-1.040275088,,Nv,1
-12.36356975,8.21259369,,Nv,1
15.47258444,5.933959957,,Nv,1
-10.2533805,12.53632736,,Nv,1
-14.53836894,10.99005754,,Nv,1
-13.08712451,14.64053081,,Nv,1
-6.87301925,5.888118935,,Nv,1
-2.914833473,-17.82603459,,Nv,1
-10.89865955,8.557040835,,Nv,1
-12.53241882,-1.616350285,,Nv,1
-10.71299436,10.19483339,,Nv,1
-11.05353651,7.666588194,,Nv,1
-15.53425068,13.6364087,,Nv,1
-10.01207455,-2.621635807,,Nv,1
-10.49906166,-2.712712352,,Nv,1
18.84918496,5.56197508,,Nv,1
-10.23675297,12.3943854,,Nv,1
-12.64034571,13.92400956,,Nv,1
-10.42354025,12.21322105,,Nv,1
-16.02502657,12.02584113,,Nv,1
-13.40618529,16.06252663,,Nv,1
-12.01639295,11.79044987,,Nv,1
-9.583584447,0.544827086,,Nv,1
-7.088995426,-3.219007491,,Nv,1
6.932434919,10.4835205,,Nv,1
4.656773319,2.827981312,,Nv,1
-3.016758841,-8.65310672,,Nv,1
2.942005919,3.049132629,,Nv,1
-10.4749932,6.009357653,,Nv,1
-4.034409013,-16.41451381,,Nv,1
-18.40545129,5.385889047,,Nv,1
-7.917465395,1.398935238,,Nv,1
-13.28197027,-1.740618278,,Nv,1
-8.175643494,-1.447953969,,Nv,1
15.61527684,3.244150181,,Nv,1
-6.393669243,5.063453231,,Nv,1
4.475727129,9.722620693,,Nv,1
-6.321186089,1.734599324,,Nv,1
-0.148694817,-2.456251349,,Nv,1
1.314019231,6.642194125,,Nv,1
-3.524912686,-8.850226649,,Nv,1
-4.155886908,-16.2332966,,Nv,1
-17.5403692,6.979242513,,Nv,1
-13.51177232,0.681095263,,Nv,1
-7.093172486,-1.209905091,,Nv,1
5.725869629,-2.393118213,,Nv,1
2.636869178,0.612021606,,Nv,1
1.309743118,1.282056794,,Nv,1
2.824964102,-3.942662191,,Nv,1
6.93826484,-5.266854199,,Nv,1
-12.25336961,-0.007904466,,Nv,1
-8.718040341,0.906945568,,Nv,1
5.778941694,-6.287538103,,Nv,1
3.596045022,0.695316863,,Nv,1
-10.81196136,-6.662738655,,Nv,1
-7.466962792,-2.278471671,,Nv,1
5.660973179,-7.469257414,,Nv,1
-10.80923939,-6.747969124,,Nv,1
10.88549429,-10.01088749,,Nv,1
3.535028194,0.740567132,,Nv,1
-8.85315239,0.966846495,,Nv,1
7.120029735,-5.442856421,,Nv,1
6.050666144,-2.985756272,,Nv,1
-9.548854056,-5.913690325,,Nv,1
-12.90310552,-6.184569157,,Nv,1
7.365715915,-4.367158612,,Nv,1
-14.20626074,6.460373488,,Nv,1
-11.32465491,-3.07004856,,Nv,1
-7.245765715,6.658904159,,Nv,1
2.918715756,3.184148031,,Nv,1
6.788589815,10.51647896,,Nv,1
-8.169730683,1.042119537,,Nv,1
-13.9220809,6.679400365,,Nv,1
-4.241411227,-15.74350538,,Nv,1
19.81866683,1.790510218,,Nv,1
-8.290557799,-0.067692852,,Nv,1
-7.593966451,5.07294833,,Nv,1
-10.57042584,-1.410747476,,Nv,1
-7.260365385,4.799782927,,Nv,1
-18.13412851,4.439100583,,Nv,1
-15.2813171,6.637361723,,Nv,1
-11.8638621,-3.508784285,,Nv,1
-9.729143726,-3.900782577,,Nv,1
-6.282714578,-0.978540202,,Nv,1
-10.01242392,-0.677345792,,Nv,1
-3.39632587,-0.512207983,,Nv,1
-9.575693906,0.460475976,,Nv,1
-4.752332516,-0.127363132,,Nv,1
-5.878201734,-0.958520533,,Nv,1
-8.728939285,3.405060421,,Nv,1
2.000055754,-0.669215197,,Nv,1
2.743643115,0.269975281,,Nv,1
-16.81421592,10.90405612,,Nv,1
-6.778427201,-12.98604357,,Nv,1
7.363030725,-3.200602382,,Nv,1
3.798651687,-2.526148597,,Nv,1
-13.17790154,-5.359504716,,Nv,1
22.67754836,3.645039055,,Nv,1
13.75797726,1.679851874,,Nv,1
-11.40852813,-0.752512036,,Nv,1
17.38386995,4.509139461,,Nv,1
4.368261817,1.061383582,,Nv,1
-8.855883261,12.80938617,,Nv,1
3.301625726,10.16388698,,Nv,1
-5.899014489,1.508080722,,Nv,1
3.774158571,-2.521334475,,Nv,1
2.614465677,0.268733586,,Nv,1
-9.9048497,-4.136207284,,Nv,1
-11.11206742,12.49647837,,Nv,1
6.958369965,0.19171832,,Nv,1
-12.89476115,-3.37787632,,Nv,1
-10.86888215,10.8374166,,Nv,1
17.11294628,5.665565521,,Nv,1
-12.94174411,-5.029846854,,Nv,1
-10.37407881,15.14306199,,Nv,1
-13.86521185,9.659567432,,Nv,1
3.555009492,-0.181730138,,Nv,1
-13.56703994,12.99399772,,Nv,1
-11.09516514,-6.083144077,,Nv,1
-13.59163252,2.286446052,,Nv,1
-11.17437041,11.35331449,,Nv,1
-7.659191929,12.89076035,,Nv,1
-9.07731627,9.130458305,,Nv,1
-13.48144392,-1.765379126,,Nv,1
-11.19415449,11.84189888,,Nv,1
3.841543565,-0.139456479,,Nv,1
-7.197604536,-1.278126611,,Nv,1
1.107255864,-13.33490075,,Nv,1
8.029685949,0.526898295,,Nv,1
-11.93891046,8.390312213,,Nv,1
-10.99227132,-4.828179696,,Nv,1
-13.18465529,7.598478208,,Nv,1
3.136822916,2.815043335,,Nv,1
-15.01234951,2.022283204,,Nv,1
3.22478269,-9.885095746,,Nv,1
-15.26685338,-0.22986375,,Nv,1
-4.244631969,-5.23954774,,Nv,1
0.200519154,-5.157451385,,Nv,1
0.468942562,-6.485715819,,Nv,1
6.559843321,-0.76836456,,Nv,1
-9.099444115,1.560547187,,Nv,1
4.887463487,-0.269806954,,Nv,1
-13.93057278,-0.471323341,,Nv,1
15.32709003,4.578375696,,Nv,1
7.466156541,-7.114561695,,Nv,1
1.291964492,0.845825867,,Nv,1
2.788250813,-5.393674139,,Nv,1
12.74102021,-6.445362291,,Nv,1
-4.928573967,-4.890096608,,Nv,1
3.584456315,5.965153254,,Nv,1
-7.883120884,-6.262751411,,Nv,1
-10.76603943,-4.329339323,,Nv,1
-3.83665876,-11.2052254,,Nv,1
-0.090715232,-4.067489093,,Nv,1
4.92758242,0.722463467,,Nv,1
4.250077085,1.683907111,,Nv,1
-9.103653346,8.189873996,,Nv,1
4.407069819,1.853637444,,Nv,1
-0.792844909,4.628156042,,Nv,1
0.878178381,1.234825624,,Nv,1
-13.46071287,-7.726380712,,Nv,1
4.438134195,1.941881887,,Nv,1
-9.936050536,-3.966065913,,Nv,1
-0.288335169,-1.931481987,,Nv,1
-17.54765038,6.125645528,,Nv,1
-13.52043773,-7.810435391,,Nv,1
2.021356947,3.059983755,,Nv,1
-10.33488104,-5.862905927,,Nv,1
-9.478540413,10.23494978,,Nv,1
-1.133993867,-2.508744493,,Nv,1
-11.55973836,-4.592752177,,Nv,1
-7.85429606,9.046653458,,Nv,1
2.587647345,3.236711876,,Nv,1
-8.264407528,0.901829529,,Nv,1
-8.548172501,0.017578954,,Nv,1
-3.643602115,-8.448718941,,Nv,1
1.967084295,2.991162619,,Nv,1
-9.738034477,14.10900087,,Nv,1
20.42186386,4.15985423,,Nv,1
17.75857015,2.584082235,,Nv,1
-6.795153807,-2.329954326,,Nv,1
-10.83550685,1.331321748,,Nv,1
-8.63109902,-0.976288848,,Nv,1
-10.78613905,5.60617178,,Nv,1
1.213930375,2.197158853,,Nv,1
-8.738488361,3.76063919,,Nv,1
2.009602298,3.362695711,,Nv,1
-14.85501053,-3.958575933,,Nv,1
-6.998797794,3.460492043,,Nv,1
-7.676942171,6.936791512,,Nv,1
2.337874854,3.370193139,,Nv,1
19.52492929,-2.155144045,,Nv,1
-4.085090066,0.848117433,,Nv,1
-13.60928308,-2.462981745,,Nv,1
-2.749732772,-2.754257748,,Nv,1
-8.804375792,-1.112242884,,Nv,1
2.209909228,3.068216064,,Nv,1
-9.802112974,2.709605668,,Nv,1
3.418051884,0.382720101,,Nv,1
-15.35169714,6.379649884,,Nv,1
20.06995065,4.203623462,,Nv,1
-10.07833031,-6.683884758,,Nv,1
5.684715329,7.549261547,,Nv,1
5.052307602,-5.128480755,,Nv,1
-4.829336485,2.799186249,,Nv,1
-5.016668025,-8.183125952,,Nv,1
-17.3816683,6.50189703,,Nv,1
5.326788744,0.660264071,,Nv,1
3.130182207,-1.783959745,,Nv,1
-1.416301486,-4.753477619,,Nv,1
-2.059439002,-15.03918203,,Nv,1
-16.98216595,6.933603057,,Nv,1
4.190146366,-11.27211468,,Nv,1
-2.931219273,4.235269125,,Nv,1
-5.879409968,-0.679479953,,Nv,1
20.71164179,2.938544534,,Nv,1
0.964718174,-0.816097292,,Nv,1
-2.477049597,9.735026446,,Nv,1
15.34473966,5.647237062,,Nv,1
20.18271637,3.593680829,,Nv,1
-10.52585234,14.85862266,,Nv,1
-11.77136608,8.090053367,,Nv,1
-9.103040677,-4.80420953,,Nv,1
-12.66112644,1.855417736,,Nv,1
2.570764445,7.44300208,,Nv,1
-8.794967419,10.23974283,,Nv,1
-5.77635282,-2.491011374,,Nv,1
-5.035212495,5.469801486,,Nv,1
-3.510122518,5.72470765,,Nv,1
-10.06668065,-2.791029776,,Nv,1
-13.54648516,-0.023044687,,Nv,1
-13.21274141,1.222018653,,Nv,1
-12.25866359,6.789071684,,Nv,1
-14.52306002,4.570380564,,Nv,1
-11.92326467,8.397665834,,Nv,1
21.0817073,2.174011247,,Nv,1
-8.318180984,7.743799042,,Nv,1
14.98309939,4.606631008,,Nv,1
0.59693215,0.211941458,,Nv,1
14.07839454,5.47521865,,Nv,1
-10.13337845,10.61707311,,Nv,1
7.265525687,-0.330340041,,Nv,1
-10.55002434,3.975873035,,Nv,1
-8.247234869,9.653466296,,Nv,1
-8.086206251,11.3694862,,Nv,1
-10.73270398,0.874880957,,Nv,1
24.32871235,3.465154095,,Nv,1
-8.13653192,2.443197865,,Nv,1
-9.541913976,2.542100895,,Nv,1
-10.58368737,10.07857801,,Nv,1
20.60026996,2.070963015,,Nv,1
-12.38776882,0.272410077,,Nv,1
-16.08700065,4.992950561,,Nv,1
7.540744745,11.04881088,,Nv,1
-8.189067372,2.916827551,,Nv,1
-13.69676036,0.438793934,,Nv,1
-4.256173431,7.992435137,,Nv,1
-12.83683695,1.434430287,,Nv,1
-9.536300322,5.304038443,,Nv,1
-7.287012463,8.703501663,,Nv,1
-14.01595534,6.443938212,,Nv,1
-15.9402374,8.131018862,,Nv,1
-12.57020106,-0.260235421,,Nv,1
21.45061767,2.143417565,,Nv,1
-3.706184369,-0.098175058,,Nv,1
-10.37430787,9.593680466,,Nv,1
17.7699887,4.149882056,,Nv,1
16.20698677,-5.109035374,,Nv,1
-13.03103639,0.370288795,,Nv,1
-8.313425437,-2.676231248,,Nv,1
-17.96248401,4.144852985,,Nv,1
-15.12072439,9.382811357,,Nv,1
22.05878687,1.925156525,,Nv,1
-5.903497889,2.821600344,,Nv,1
-6.686618216,10.49727803,,Nv,1
14.26195137,4.353910556,,Nv,1
-5.845543681,9.790943679,,Nv,1
-12.19038055,5.69756665,,Nv,1
-5.986233283,8.503379368,,Nv,1
7.828035328,10.41250215,,Nv,1
-4.726670757,-14.17261499,,Nv,1
-2.295411987,-3.887590965,,Nv,1
-10.47675543,-2.417492334,,Nv,1
-17.69633566,5.273190059,,Nv,1
-18.09215487,6.547014699,,Nv,1
-4.802324074,-14.20208722,,Nv,1
-11.70190822,-0.174677387,,Nv,1
15.54142059,4.062112923,,Nv,1
13.69796786,1.577202379,,Nv,1
-7.198717125,-4.487228808,,Nv,1
-8.729863875,-1.209195279,,Nv,1
-10.17008835,13.22478477,,Nv,1
-12.77469337,-4.232189008,,Nv,1
-8.630226633,11.14770283,,Nv,1
-8.926674539,12.90037955,,Nv,1
-12.79192565,12.49049595,,Nv,1
-11.81031572,0.595085532,,Nv,1
-11.33056308,0.335550333,,Nv,1
-5.384522821,3.196389832,,Nv,1
21.4749726,2.060630548,,Nv,1
-12.6810818,2.659177126,,Nv,1
15.67258023,3.213238473,,Nv,1
-12.7834945,14.41924749,,Nv,1
-15.10846773,0.813602983,,Nv,1
-8.986261344,10.28955812,,Nv,1
-6.236888604,6.945064256,,Nv,1
-9.715901394,3.635214196,,Nv,1
-0.238907534,0.706701901,,Nv,1
-0.33019431,0.299375123,,Nv,1
3.743140156,0.478904231,,Nv,1
5.583289812,-1.65260783,,Nv,1
0.320565992,0.648899567,,Nv,1
-8.233710608,2.317137815,,Nv,1
-11.73943648,7.288576812,,Nv,1
-6.135675009,-1.756005893,,Nv,1
-10.51532778,-5.515166158,,Nv,1
-11.58255867,-6.582635585,,Nv,1
5.95902446,7.389366166,,Nv,1
-0.088800737,-0.129371221,,Nv,1
-10.8775274,2.116107778,,Nv,1
-8.94064051,-3.174575083,,Nv,1
2.219337686,2.131109675,,Nv,1
22.45009529,2.60207364,,Nv,1
7.487753923,10.84568622,,Nv,1
20.71934712,1.696147999,,Nv,1
3.618101857,0.32236269,,Nv,1
-15.4814294,13.18789856,,Nv,1
-11.83048311,-5.792241909,,Nv,1
-12.99143079,-4.959188365,,Nv,1
5.465057715,8.929237924,,Nv,1
3.330145285,1.849223862,,Nv,1
-10.31776369,2.904870845,,Nv,1
13.78079148,0.221539373,,Nv,1
0.168410237,0.949284082,,Nv,1
-10.49976366,-2.77960044,,Nv,1
-7.541875018,-0.376883553,,Nv,1
5.533973819,6.344659255,,Nv,1
-3.439921499,-14.50162444,,Nv,1
-2.187863739,-10.42565183,,Nv,1
-11.21655649,8.028041211,,Nv,1
-0.013216259,0.283285243,,Nv,1
-10.08223746,-5.279901467,,Nv,1
-8.969894623,-0.184324198,,Nv,1
-9.86879067,-1.149796765,,Nv,1
-7.381003185,-0.214601503,,Nv,1
-8.575930143,1.717684311,,Nv,1
-8.114994138,5.766156914,,Nv,1
-12.09092294,5.439837422,,Nv,1
5.63345711,8.276569537,,Nv,1
1.007026787,2.261942775,,Nv,1
-8.162823166,-1.322033144,,Nv,1
-2.253792839,-8.217887659,,Nv,1
-12.62580559,-0.734269768,,Nv,1
-9.904869272,-4.449177122,,Nv,1
3.435372946,6.272326456,,Nv,1
9.278742753,0.428887551,,Nv,1
-10.94521979,3.687950767,,Nv,1
-8.121227103,-0.466293252,,Nv,1
-14.23866432,-0.963495854,,Nv,1
-7.803462505,-2.775572986,,Nv,1
-12.27296084,-6.646604617,,Nv,1
-9.300974769,9.995902564,,Nv,1
-10.2916648,0.061226069,,Nv,1
-10.30870654,-5.684482061,,Nv,1
-10.66313768,-6.535924127,,Nv,1
-10.73181242,-4.770025089,,Nv,1
-10.55112438,-5.114691081,,Nv,1
18.54753724,-1.898088466,,Nv,1
18.01758865,1.726992381,,Nv,1
4.01356109,8.356909539,,Nv,1
-11.60439268,-1.698111007,,Nv,1
8.016615877,11.0455826,,Nv,1
-10.56602598,-6.065638291,,Nv,1
-10.65272619,-5.887396482,,Nv,1
-10.40869873,4.977311008,,Nv,1
-13.86903799,1.429400223,,Nv,1
-7.962001207,11.08061565,,Nv,1
3.979738929,7.666929131,,Nv,1
-13.66366638,8.278051019,,Nv,1
-3.107184572,3.720367011,,Nv,1
-12.97215859,-0.846607047,,Nv,1
-2.12797809,-7.726339567,,Nv,1
-5.941430216,5.830272634,,Nv,1
3.899102404,-0.578299557,,Nv,1
-9.967578095,3.081985821,,Nv,1
5.602693852,9.739214606,,Nv,1
-13.96478651,10.29501958,,Nv,1
-5.279247612,9.739015719,,Nv,1
-14.04152088,1.519084575,,Nv,1
-1.444900389,-3.878930779,,Nv,1
1.859774239,-4.657021527,,Nv,1
15.9513151,3.323214668,,Nv,1
-10.21377053,12.08975789,,Nv,1
13.48437295,3.35929699,,Nv,1
-12.18246031,-4.249564996,,Nv,1
17.81488959,5.528510859,,Nv,1
4.847642194,-16.17434397,,Nv,1
4.323684863,1.201347223,,Nv,1
-1.264814588,-4.271231477,,Nv,1
3.409750296,2.893429721,,Nv,1
-2.707972642,-3.686068419,,Nv,1
10.69780054,-12.64554537,,Nv,1
3.331259464,2.539357902,,Nv,1
3.428651089,-1.167930245,,Nv,1
4.795467638,2.966519273,,Nv,1
5.826328849,-4.343558144,,Nv,1
2.541378477,1.889206814,,Nv,1
-11.16608937,-5.195469327,,Nv,1
8.921770509,-5.186602107,,Nv,1
2.899661409,2.032328771,,Nv,1
6.218915642,-2.868280079,,Nv,1
3.474952458,2.382430504,,Nv,1
-7.941861751,-6.1976909,,Nv,1
-11.18218805,-4.608819859,,Nv,1
3.655305919,1.337829634,,Nv,1
-10.9220494,-2.133389137,,Nv,1
4.347273133,2.990780652,,Nv,1
4.835685866,1.304546633,,Nv,1
-1.892248966,-3.443768966,,Sp,0
3.758283664,7.906937796,,Sp,0
16.49712948,2.561154751,,Sp,0
11.89598832,0.451487337,,Sp,0
-2.355751856,-12.36502425,,Sp,0
-3.814105397,4.002531975,,Sp,0
21.54075307,2.097409559,,Sp,0
17.26134618,3.051705188,,Sp,0
7.683019656,3.82311921,,Sp,0
18.03778486,-0.045971871,,Sp,0
8.937584656,1.700135768,,Sp,0
23.40398568,4.477047084,,Sp,0
-0.412029201,-2.917562894,,Sp,0
24.28107868,3.822692799,,Sp,0
8.214365124,3.657296931,,Sp,0
21.7104539,3.360755581,,Sp,0
3.254700768,-7.67462489,,Sp,0
14.32500856,2.300420439,,Sp,0
4.793443545,7.770660801,,Sp,0
3.405744166,10.21898703,,Sp,0
14.38305117,0.265746739,,Sp,0
-0.199589946,-6.254657483,,Sp,0
14.63236921,-0.393716033,,Sp,0
-7.513507324,2.394673485,,Sp,0
16.48878704,4.676587893,,Sp,0
-0.926505713,-4.560703581,,Sp,0
-3.944434128,-9.861506814,,Sp,0
14.45249924,0.788474312,,Sp,0
-0.66274312,-5.823013974,,Sp,0
-6.849477037,2.411020733,,Sp,0
17.89082386,4.222683734,,Sp,0
1.15402131,-11.53742043,,Sp,0
9.630956067,-1.29950087,,Sp,0
18.48870412,-1.244849947,,Sp,0
-0.899080819,-3.412506545,,Sp,0
-4.941541078,-2.271928442,,Sp,0
-4.044250827,-6.616362338,,Sp,0
-2.094786897,-3.075993439,,Sp,0
-1.168313349,-3.29623412,,Sp,0
-0.815365759,-1.916306836,,Sp,0
-1.523104948,-7.452613359,,Sp,0
16.86755378,-0.749119796,,Sp,0
-0.965880366,-11.61398644,,Sp,0
4.505522259,6.685970909,,Sp,0
3.888543963,8.025320069,,Sp,0
6.674313626,-9.783172488,,Sp,0
-2.755913277,-7.752099316,,Sp,0
-1.402375488,-1.687847027,,Sp,0
24.2055224,3.020309854,,Sp,0
1.708109818,-3.64875036,,Sp,0
22.52242865,2.462452911,,Sp,0
-1.297264808,-2.271880413,,Sp,0
1.213846345,-7.337966841,,Sp,0
2.560241913,-7.156533235,,Sp,0
8.038653932,11.36521499,,Sp,0
5.389312777,9.37552779,,Sp,0
6.571199292,9.469441449,,Sp,0
14.32641527,-0.208116202,,Sp,0
-2.351604947,-5.43369468,,Sp,0
-0.933503252,-11.0266179,,Sp,0
-3.496612443,-12.17763675,,Sp,0
-5.562262482,-12.46944629,,Sp,0
-3.971046264,7.790004684,,Sp,0
22.17496775,6.350923543,,Sp,0
5.508931981,-4.403075426,,Sp,0
5.379895325,-4.325432267,,Sp,0
6.843077451,5.49429803,,Sp,0
10.0777687,-0.844670052,,Sp,0
7.62485512,-1.505075639,,Sp,0
4.359351495,-6.487575167,,Sp,0
16.69233791,1.012431354,,Sp,0
10.3951118,-1.135747736,,Sp,0
3.450580051,-5.169772799,,Sp,0
6.122501009,7.162410264,,Sp,0
7.504229487,-3.245706945,,Sp,0
6.590445934,-2.612370148,,Sp,0
5.851186465,-2.690134066,,Sp,0
19.65050522,1.261310604,,Sp,0
7.582827461,-4.071156844,,Sp,0
7.033522129,-0.99802277,,Sp,0
17.08565753,0.412314971,,Sp,0
8.177223176,3.248705979,,Sp,0
6.325757627,7.264151272,,Sp,0
24.11918728,3.547826616,,Sp,0
7.451066658,-1.53273487,,Sp,0
2.845860121,-3.386637173,,Sp,0
16.37869235,-1.373760699,,Sp,0
2.407075195,-6.076623626,,Sp,0
9.851599697,-2.413160377,,Sp,0
7.615131661,-9.7381608,,Sp,0
-3.495707994,-11.07495819,,Sp,0
-0.185628125,-5.77624375,,Sp,0
-3.189986413,-4.680877564,,Sp,0
1.660645954,-7.128952029,,Sp,0
4.414706287,-4.748232597,,Sp,0
8.725648856,-0.437586432,,Sp,0
5.885442534,-1.022990517,,Sp,0
0.686971448,-2.617449773,,Sp,0
6.154631556,-8.188992414,,Sp,0
2.209124585,-4.968391573,,Sp,0
1.542014216,-5.811240976,,Sp,0
14.58972803,-0.966434745,,Sp,0
1.184768297,-8.424038867,,Sp,0
1.029472277,-9.916155471,,Sp,0
1.580544657,-6.894362913,,Sp,0
-2.07974888,-11.27495535,,Sp,0
0.520789884,-7.56921466,,Sp,0
16.16259208,0.348885997,,Sp,0
17.94687098,1.16178444,,Sp,0
-2.203872728,-7.238566766,,Sp,0
18.07396732,1.004608113,,Sp,0
14.90128796,2.689418991,,Sp,0
16.72695612,3.188059783,,Sp,0
23.81691218,2.804304525,,Sp,0
-2.610000035,3.673069561,,Sp,0
-1.438787892,-2.795045789,,Sp,0
14.46023302,0.507826727,,Sp,0
4.864003849,7.732643488,,Sp,0
-4.505069463,-1.999343385,,Sp,0
24.61777431,3.207965624,,Sp,0
6.188679418,6.988133024,,Sp,0
-5.351316165,2.390935538,,Sp,0
15.1930114,0.400747579,,Sp,0
-1.503154603,-2.381845252,,Sp,0
-4.894234063,2.952516933,,Sp,0
8.44854305,-2.547158628,,Sp,0
-4.072081934,3.376612904,,Sp,0
-5.241857265,3.069242218,,Sp,0
13.78538045,3.041053162,,Sp,0
7.260461878,11.25095976,,Sp,0
14.74116082,5.013482968,,Sp,0
-7.116555455,8.150170033,,Sp,0
19.33523784,9.32702857,,Sp,0
-9.991529026,-1.296644806,,Sp,0
13.8468848,3.38832643,,Sp,0
-9.125284059,9.86534562,,Sp,0
-9.257054323,9.896858907,,Sp,0
-1.172113177,7.306965368,,Sp,0
-2.305694502,4.747348732,,Sp,0
18.53083637,2.299290035,,Sp,0
22.72461675,3.271027432,,Sp,0
-7.479512549,1.751940411,,Sp,0
14.36688906,1.52802693,,Sp,0
14.24231864,4.284350478,,Sp,0
-3.998390787,3.627606273,,Sp,0
19.08236551,-2.318349631,,Sp,0
21.68212473,3.739880678,,Sp,0
23.67947024,3.7373799,,Sp,0
-9.500861526,-1.551793473,,Sp,0
19.63636637,4.038613609,,Sp,0
-8.312881029,3.029908597,,Sp,0
4.813329755,-5.951384886,,Sp,0
3.910116299,-5.598053504,,Sp,0
8.422112538,-8.673025861,,Sp,0
5.497084348,-0.659371055,,Sp,0
9.255364462,-0.605481624,,Sp,0
8.640319455,-4.287654514,,Sp,0
5.957251618,-6.217544,,Sp,0
7.555079789,-4.604183514,,Sp,0
5.911850969,-5.963159739,,Sp,0
3.664825107,-8.582892039,,Sp,0
18.52963781,1.229209245,,Sp,0
7.449922361,0.401123331,,Sp,0
6.687706276,-7.121162877,,Sp,0
8.414398644,-6.23070929,,Sp,0
17.8565787,-0.26188678,,Sp,0
24.80198428,3.267753782,,Sp,0
4.269011671,-5.487315862,,Sp,0
11.58367008,-1.137823525,,Sp,0
7.994660939,-0.279957587,,Sp,0
3.231532152,-8.410037368,,Sp,0
11.10206284,-3.227285414,,Sp,0
3.352399063,-11.77657556,,Sp,0
6.642007134,-7.299930094,,Sp,0
6.815748702,6.423578566,,Sp,0
24.85796639,3.172311103,,Sp,0
7.318990548,-7.286933932,,Sp,0
18.06714644,0.617800949,,Sp,0
5.521678498,-5.365219727,,Sp,0
11.54656865,-0.885364329,,Sp,0
5.821471055,-3.735819119,,Sp,0
8.409648549,-7.37042865,,Sp,0
6.372866173,-7.438073682,,Sp,0
22.74692286,5.094770128,,Sp,0
7.814312766,-5.783846537,,Sp,0
6.127040898,-3.524866659,,Sp,0
16.60592957,-0.003249031,,Sp,0
12.92723322,0.688618314,,Sp,0
13.16070405,-2.99401755,,Sp,0
5.70502414,-3.580668945,,Sp,0
10.5495291,-0.634087234,,Sp,0
13.23752909,-2.183661447,,Sp,0
11.41904831,-2.956153155,,Sp,0
2.240847134,-4.864598561,,Sp,0
2.042761517,-5.12549034,,Sp,0
17.37411657,-0.61236478,,Sp,0
17.89357964,0.81961442,,Sp,0
14.81359356,-1.195769223,,Sp,0
7.312570959,-9.25420182,,Sp,0
8.750605094,-3.999120253,,Sp,0
1.666766917,-7.261594939,,Sp,0
22.72444302,3.166616139,,Sp,0
7.966144563,11.48534429,,Sp,0
16.09740416,-0.206518529,,Sp,0
10.22589842,-3.203968968,,Sp,0
2.477003972,-9.18718805,,Sp,0
1.742051936,-3.360737718,,Sp,0
6.868361541,9.655854257,,Sp,0
2.275033167,-9.065722174,,Sp,0
6.235772842,6.673110932,,Sp,0
6.288185209,7.648280691,,Sp,0
2.286932788,-8.080929702,,Sp,0
9.384067975,-3.605872497,,Sp,0
3.565363719,-4.510613881,,Sp,0
11.21796016,3.779785501,,Sp,0
16.95535676,0.796443869,,Sp,0
0.874963582,-6.373956706,,Sp,0
2.088097776,-9.728363683,,Sp,0
1.647967823,-5.96846596,,Sp,0
5.487226952,-8.119222064,,Sp,0
2.043416356,-11.52951215,,Sp,0
3.432874341,-4.729767242,,Sp,0
5.414687789,-6.732352641,,Sp,0
-0.629320115,-7.327423958,,Sp,0
2.571735882,-7.026849089,,Sp,0
9.539042103,-8.605487563,,Sp,0
4.446498244,-8.533993295,,Sp,0
6.214494447,9.491475514,,Sp,0
19.38106573,3.090063353,,Sp,0
3.408467613,-10.87780427,,Sp,0
2.276524077,-10.24046954,,Sp,0
9.577731143,-6.287888238,,Sp,0
7.136830249,10.45936135,,Sp,0
2.407606125,-9.821585189,,Sp,0
8.187553165,-5.106606587,,Sp,0
-0.86879255,-6.517832881,,Sp,0
0.676140287,-14.38995165,,Sp,0
21.57998313,3.130547161,,Sp,0
8.63042294,-3.474106207,,Sp,0
22.95951557,4.374159061,,Sp,0
12.06472912,4.90139039,,Sp,0
-5.221569541,2.717095999,,Sp,0
4.113460541,8.183027194,,Sp,0
4.770708165,-3.095501818,,Sp,0
2.324100496,9.538185806,,Sp,0
-8.208184159,10.79139743,,Sp,0
-8.688666108,4.670196315,,Sp,0
14.14639214,0.659159333,,Sp,0
6.488443705,10.6596569,,Sp,0
-3.649322034,5.216300894,,Sp,0
-3.84499895,4.395084058,,Sp,0
-5.001049006,2.679378674,,Sp,0
-3.036339962,5.312805244,,Sp,0
15.80581343,2.546150242,,Sp,0
3.521626697,-2.797312102,,Sp,0
2.887983241,7.876720542,,Sp,0
0.648730828,-4.172106392,,Sp,0
4.048693888,-3.125045956,,Sp,0
2.392205952,6.191831618,,Sp,0
-8.00543606,10.84820271,,Sp,0
4.378871157,-2.233215191,,Sp,0
2.042123776,-2.245443639,,Sp,0
14.66077877,2.441147877,,Sp,0
-3.124998628,-7.927156312,,Sp,0
-6.96357661,-4.676973135,,Sp,0
0.173014981,-3.022423295,,Sp,0
-8.477414725,-3.104736215,,Sp,0
15.18875025,1.488418274,,Sp,0
-2.413769783,-1.964738238,,Sp,0
-11.83626169,2.078847769,,Sp,0
-0.915098568,-2.683936544,,Sp,0
-2.802009133,7.38371567,,Sp,0
-8.93675207,8.71113387,,Sp,0
5.822976162,9.143599232,,Sp,0
21.1282786,3.905364786,,Sp,0
16.31246217,1.011323364,,Sp,0
-2.311826654,-8.737164902,,Sp,0
13.05659641,4.012197919,,Sp,0
18.22688294,4.690663242,,Sp,0
2.584918913,8.495702795,,Sp,0
-2.131630285,7.638025017,,Sp,0
14.30499587,3.178768611,,Sp,0
-7.792658165,2.771513263,,Sp,0
-7.177320291,1.323092057,,Sp,0
-0.52913802,-2.620250957,,Sp,0
14.54073219,2.227720177,,Sp,0
-2.050879768,7.554866816,,Sp,0
-2.830693797,-5.051473032,,Sp,0
-4.675007206,-11.37808577,,Sp,0
-2.765040679,-7.002294837,,Sp,0
-4.204111225,-3.327015823,,Sp,0
-3.006577554,-9.205721909,,Sp,0
-0.919486152,-6.951211245,,Sp,0
-4.194512636,-5.292676738,,Sp,0
19.70345705,4.173511588,,Sp,0
-3.697965149,9.261495776,,Sp,0
-2.775714402,7.274612023,,Sp,0
-3.681829147,-3.354447816,,Sp,0
-4.53286555,-10.43111076,,Sp,0
-2.735262876,-6.372932703,,Sp,0
-3.421540054,-4.58506667,,Sp,0
11.31312117,5.275717028,,Sp,0
-1.572215426,10.0638419,,Sp,0
-5.956894023,4.27528083,,Sp,0
16.53498469,6.33825616,,Sp,0
-11.57403524,1.797277987,,Sp,0
-14.95987182,-0.387594302,,Sp,0
-12.03318466,-2.301092161,,Sp,0
-6.976510062,8.758669252,,Sp,0
14.6872531,3.791018253,,Sp,0
-11.06942639,-1.398489307,,Sp,0
-4.973853704,4.715460306,,Sp,0
14.79383068,4.449977664,,Sp,0
-6.193237089,3.54069978,,Sp,0
14.89851728,3.016588415,,Sp,0
-5.763713051,3.509483717,,Sp,0
-11.35742016,0.460654428,,Sp,0
-11.9859309,0.863977231,,Sp,0
-9.509273485,-2.950470199,,Sp,0
-11.77014146,-0.531573657,,Sp,0
-11.77971474,0.971259857,,Sp,0
-9.348134659,-3.035636357,,Sp,0
-11.89558368,-1.33870087,,Sp,0
-11.49606889,1.625524901,,Sp,0
-8.504941673,3.737492238,,Sp,0
-4.754471842,4.381404523,,Sp,0
-10.62218803,1.614992013,,Sp,0
4.0435017,-3.89372475,,Sp,0
4.977433716,-7.754287787,,Sp,0
13.07817297,1.151239273,,Sp,0
4.044384966,-3.894188878,,Sp,0
4.977433716,-7.754287787,,Sp,0
13.07819162,1.151244161,,Sp,0
2.211673588,-6.978915174,,Sp,0
4.954057528,6.110766291,,Sp,0
16.13080237,2.049035038,,Sp,0
19.65970463,2.681564089,,Sp,0
0.395703377,-6.658213214,,Sp,0
22.22398245,6.280918434,,Sp,0
4.75718135,-3.406108772,,Sp,0
2.264414227,-4.791984555,,Sp,0
0.19385342,-5.444857956,,Sp,0
2.468737645,-2.928709529,,Sp,0
6.660381153,8.731907695,,Sp,0
10.77293373,-3.920101351,,Sp,0
11.0979068,-2.343428649,,Sp,0
17.67762391,2.034938678,,Sp,0
7.834861062,-2.62283685,,Sp,0
7.518722617,-10.61647449,,Sp,0
4.264369761,-5.196669192,,Sp,0
13.86056781,-2.022578056,,Sp,0
16.76010787,0.768210139,,Sp,0
6.139494511,-0.485813999,,Sp,0
-1.440435343,-5.495444922,,Sp,0
3.432610419,-3.235993592,,Sp,0
6.329248787,-0.791084473,,Sp,0
17.21688064,0.615513454,,Sp,0
-0.474102781,-5.410683213,,Sp,0
2.378199989,-3.170277016,,Sp,0
-9.008167769,-5.19637851,,Sp,0
-1.232805376,-5.910637388,,Sp,0
6.757919069,4.546110358,,Sp,0
5.981710532,-0.448956537,,Sp,0
10.92582368,-2.48956209,,Sp,0
10.90673912,-1.535102178,,Sp,0
-8.523904337,-0.600973071,,Sp,0
19.19516556,-1.700080754,,Sp,0
10.56754542,-2.501683826,,Sp,0
2.253790154,-1.613599761,,Sp,0
7.14064044,-1.080117957,,Sp,0
6.817735155,8.244315867,,Sp,0
0.942557196,-5.980345696,,Sp,0
5.108027435,-1.258938426,,Sp,0
12.40007826,0.753213391,,Sp,0
7.765469059,11.14905424,,Sp,0
4.299105532,-8.177201256,,Sp,0
-0.134167219,-1.045181627,,Sp,0
11.34842168,-5.865329832,,Sp,0
-1.354569511,-3.52691422,,Sp,0
-0.255090709,-3.023494604,,Sp,0
4.762319551,-3.317028937,,Sp,0
-5.651003219,-2.007865167,,Sp,0
10.65344264,0.163208693,,Sp,0
11.67064751,-0.741537547,,Sp,0
2.828022025,-8.824437109,,Sp,0
17.10649984,1.217215303,,Sp,0
10.5726354,-4.302222521,,Sp,0
3.76206149,-5.599690683,,Sp,0
4.589641498,-6.174190484,,Sp,0
9.854355741,-0.729810286,,Sp,0
7.066037826,-0.176008009,,Sp,0
2.393700517,-7.995796046,,Sp,0
1.941858826,-4.684311815,,Sp,0
3.399366693,-3.861104572,,Sp,0
7.66281338,6.458104307,,Sp,0
8.653351217,-0.161774631,,Sp,0
18.72391324,1.136283342,,Sp,0
12.69855969,0.842702108,,Sp,0
0.767186349,-1.675980604,,Sp,0
23.4052021,3.495493532,,Sp,0
-0.782348177,-5.851382642,,Sp,0
-3.143406699,-10.15842486,,Sp,0
7.212260329,2.218751879,,Sp,0
-2.943168862,-6.121806713,,Sp,0
3.308898001,-1.820648281,,Sp,0
-9.510766683,-4.047947379,,Sp,0
0.10938444,-6.348255188,,Sp,0
7.873571843,-0.983416046,,Sp,0
7.881079411,-0.954252325,,Sp,0
9.282490821,-0.562349671,,Sp,0
16.27453593,3.040930848,,Sp,0
8.709927095,-1.775180874,,Sp,0
7.506170395,-0.967916903,,Sp,0
-2.48653157,-4.841683632,,Sp,0
3.485050579,-1.580085316,,Sp,0
-2.310386283,9.546000619,,Sp,0
-13.25466213,6.793337033,,Sp,0
2.03085771,-2.286165064,,Sp,0
7.875730395,-5.387601165,,Sp,0
6.373716177,-8.087754017,,Sp,0
7.336231127,-2.382917795,,Sp,0
7.461936448,8.74877047,,Sp,0
17.42387921,0.471258645,,Sp,0
10.62318234,1.299597835,,Sp,0
9.644364643,-5.293851808,,Sp,0
8.898394105,-6.997560221,,Sp,0
13.59939852,-2.01729452,,Sp,0
6.051709643,-2.976096757,,Sp,0
16.43723552,-0.130425972,,Sp,0
6.081696879,-2.878224497,,Sp,0
13.2454313,-2.451146153,,Sp,0
7.117747109,-7.036688265,,Sp,0
9.772586575,-6.465922501,,Sp,0
6.610303534,-3.873776796,,Sp,0
9.38054628,-5.036384163,,Sp,0
6.479575973,-4.007941943,,Sp,0
8.069195785,-6.258660919,,Sp,0
8.513568743,-5.445192191,,Sp,0
7.185299505,-6.091114012,,Sp,0
4.124993744,-0.056120155,,Sp,0
24.79125173,3.312161332,,Nv,1
-7.104279167,4.10278758,,Nv,1
3.100138444,9.578843068,,Nv,1
19.68850312,1.734391452,,Nv,1
-0.65179815,-4.248582506,,Nv,1
4.387914136,-1.233830767,,Nv,1
19.82499836,2.056047337,,Nv,1
-1.284935879,-6.666880206,,Nv,1
-14.20380482,-0.818075578,,Nv,1
-9.365048907,9.033871782,,Nv,1
-4.367564913,9.62075868,,Nv,1
3.312343863,-3.871676906,,Nv,1
2.948134282,3.029603428,,Nv,1
-4.436456749,0.887755384,,Nv,1
-7.10675672,-12.76066839,,Nv,1
8.81774821,0.68863914,,Nv,1
-15.21212602,0.912320422,,Nv,1
-2.212487776,2.758771322,,Nv,1
19.02877117,0.122608627,,Nv,1
-5.679772313,1.541113127,,Nv,1
-16.10478494,7.773913297,,Nv,1
-10.31473668,-9.856699189,,Nv,1
16.86934728,1.203899783,,Sp,0
8.352615696,-1.043626753,,Sp,0
18.33914945,3.831902923,,Sp,0
17.97356596,0.892278792,,Sp,0
16.48982155,6.814991178,,Sp,0
-5.723547401,-10.85222819,,Sp,0
8.975642315,-1.373761968,,Sp,0
-2.101890249,-12.10645965,,Sp,0
7.246713942,0.023096094,,Sp,0
8.986745346,-2.317961944,,Sp,0
14.4271223,1.134656924,,Sp,0
2.348904735,-7.193699799,,Sp,0
24.17658125,4.026329331,,Sp,0
23.24541526,4.320084116,,Sp,0
-11.97665507,-11.67608046,,Sp,0
22.09144335,3.189943438,,Sp,0
12.18178714,2.169223517,,Sp,0
1.884013445,-2.390190207,,Sp,0
9.785408121,-6.204550534,,Sp,0
-5.179983582,-11.9335591,,Sp,0
11.90783233,0.723773496,,Sp,0
19.20588248,4.848939195,,Sp,0
-9.660125802,1.299155156,,Nv,1
-4.042830022,-12.46457332,,Nv,1
-9.048058496,8.188079635,,Nv,1
-5.240731017,0.0951182,,Nv,1
-15.53572089,8.670726984,,Nv,1
18.88901561,1.656101939,,Nv,1
-11.06276364,11.8080742,,Nv,1
19.01365349,2.84768676,,Nv,1
8.892486963,1.741104833,,Nv,1
-5.768577172,-0.76663055,,Nv,1
-1.725051551,-9.877734084,,Nv,1
1.724428132,0.869590554,,Nv,1
-9.576168043,12.63653436,,Nv,1
-12.60929163,10.75312738,,Nv,1
15.89553641,1.565375402,,Nv,1
2.539631735,-4.381420411,,Nv,1
-3.846448792,-2.911860987,,Nv,1
0.532670687,-8.632090301,,Nv,1
-5.952182303,7.208839751,,Nv,1
-7.331370034,-2.172626084,,Nv,1
-9.90875957,2.023290559,,Nv,1
19.32048736,9.387215761,,Nv,1
6.022557313,-7.097700197,,Sp,0
-1.580850848,10.7660338,,Sp,0
15.8319688,-2.687419674,,Sp,0
9.784000228,-2.027589211,,Sp,0
10.33224545,-1.80477253,,Sp,0
1.002228594,-10.20174874,,Sp,0
3.554879269,-6.902767552,,Sp,0
11.28729964,-3.927636457,,Sp,0
4.794726434,-4.621431756,,Sp,0
11.8066919,-4.577565257,,Sp,0
-3.822184997,-11.67995433,,Sp,0
18.5238254,-1.941302774,,Sp,0
-4.073930647,6.30795184,,Sp,0
-1.416736091,6.970843408,,Sp,0
-4.829411819,-10.32146721,,Sp,0
7.61763618,3.791216967,,Sp,0
23.20547487,3.574476778,,Sp,0
8.310110079,-4.897374653,,Sp,0
4.501141773,-8.056599208,,Sp,0
-4.009274275,5.416756116,,Sp,0
12.58421248,-1.283651524,,Sp,0
11.4293198,-5.147644881,,Sp,0
7.454032454,9.652021326,,Nv,1
0.77651235,-11.19938417,,Nv,1
-9.023042425,4.013170291,,Nv,1
19.99932686,1.966013224,,Nv,1
2.385783434,8.102232967,,Nv,1
-4.616640874,-0.287991942,,Nv,1
-4.145428598,0.152851533,,Nv,1
-0.803382088,-9.320255324,,Nv,1
-11.21071685,13.74362221,,Nv,1
-10.39623858,-9.716064258,,Nv,1
-6.572255891,-1.529438588,,Nv,1
7.827055668,11.03803417,,Nv,1
-10.42421801,-7.050052313,,Nv,1
10.68268582,-12.63532473,,Nv,1
-0.222803742,-10.38433954,,Nv,1
6.523849362,0.891153103,,Nv,1
18.61387014,0.034175576,,Nv,1
3.761020316,-1.765196989,,Nv,1
20.0395543,3.155153075,,Nv,1
-5.288488682,5.307633138,,Nv,1
1.186225345,2.118111756,,Nv,1
-0.254248157,-13.56734879,,Nv,1
6.665778813,-7.695118679,,Sp,0
10.30951491,-8.478542943,,Sp,0
5.782151614,-8.882066361,,Sp,0
6.953459493,-9.399189653,,Sp,0
6.684623961,-8.379821463,,Sp,0
-2.430515131,-9.154329363,,Sp,0
8.529563591,-9.287499755,,Sp,0
6.633259341,-8.649165245,,Sp,0
2.836072207,-12.47270218,,Sp,0
7.104353045,-8.382601004,,Sp,0
23.90614735,3.586145603,,Sp,0
8.083041913,11.36945096,,Sp,0
6.993550656,9.266959679,,Sp,0
9.088467586,-8.81798929,,Sp,0
8.447388272,-9.139387582,,Sp,0
7.015517945,7.31442484,,Sp,0
6.135456665,-9.009299629,,Sp,0
8.476449182,-8.803656765,,Sp,0
6.303193141,-8.649443575,,Sp,0
5.315832812,-9.451579756,,Sp,0
20.02024909,2.874615261,,Sp,0
2.312028213,-13.06140553,,Sp,0
23.64788214,2.511517004,,Nv,1
-18.12454751,9.126173453,,Nv,1
5.92056922,-10.30403156,,Nv,1
-17.05031441,12.17321799,,Nv,1
-10.47274091,7.214353059,,Nv,1
-6.567646117,15.46016917,,Nv,1
-10.9305642,15.10240014,,Nv,1
-9.551757978,12.13356026,,Nv,1
-16.84490056,7.719674761,,Nv,1
-14.55533356,10.70167692,,Nv,1
-9.477980456,7.319034712,,Nv,1
-0.938711371,11.4958091,,Nv,1
-3.826036536,5.799962304,,Nv,1
-14.54794909,4.708752267,,Nv,1
-13.31996201,8.234316351,,Nv,1
-17.29921224,6.4442338,,Nv,1
-12.97085704,13.48587658,,Nv,1
-4.007559783,7.38617739,,Nv,1
-11.13006635,15.70597702,,Nv,1
19.43310132,-3.122347607,,Nv,1
-14.15342658,7.641719248,,Nv,1
19.12876378,7.150820321,,Nv,1
-7.114699679,-10.86798886,,Sp,0
-1.065790013,7.2329414,,Sp,0
-17.42364985,10.54819445,,Sp,0
0.80549354,-14.92195682,,Sp,0
-3.181258444,9.603027609,,Sp,0
-4.190277115,-12.55871875,,Sp,0
-4.468756191,-11.89712673,,Sp,0
17.2282774,6.47440123,,Sp,0
-2.203966168,11.76412835,,Sp,0
17.16484908,6.582319405,,Sp,0
-3.682849165,9.623155349,,Sp,0
0.705700346,-15.18560638,,Sp,0
-2.715637158,-9.575788879,,Sp,0
-2.591142648,-14.00689467,,Sp,0
1.160414307,-15.83610778,,Sp,0
-2.754921904,5.907136988,,Sp,0
-7.365184803,-10.77395943,,Sp,0
0.537582818,-14.63798227,,Sp,0
1.269624601,-16.00823177,,Sp,0
1.210664583,-15.97080434,,Sp,0
-3.725955903,-12.08107732,,Sp,0
-3.824337562,11.21242239,,Sp,0
-13.45867258,7.009443672,,Nv,1
-11.51976252,11.94707572,,Nv,1
-14.9360802,11.43890175,,Nv,1
-9.450777439,11.35199518,,Nv,1
-13.2621651,13.4412124,,Nv,1
-14.49888567,8.368517998,,Nv,1
-11.81243312,12.57686727,,Nv,1
-1.237807626,-15.61733767,,Nv,1
-13.30945879,12.05993328,,Nv,1
-14.00405595,14.59891936,,Nv,1
-9.888737474,8.143033644,,Nv,1
-13.46248543,12.96487334,,Nv,1
-13.61852484,7.56521383,,Nv,1
-15.18231567,9.150365616,,Nv,1
17.7289295,4.553719194,,Nv,1
-15.84597629,8.028726876,,Nv,1
-4.31246381,-3.174399414,,Nv,1
-4.63052617,-8.514468499,,Nv,1
-10.92411918,11.17808142,,Nv,1
-4.778239245,-14.01104221,,Nv,1
-14.08830307,14.18110368,,Nv,1
-14.07002583,7.914756078,,Nv,1
-4.704234874,-12.54828518,,Sp,0
-9.335639952,9.883403085,,Sp,0
-3.063417582,-10.357853,,Sp,0
-14.45419761,10.70075817,,Sp,0
-12.30699636,8.394197513,,Sp,0
-4.99787756,-15.11124218,,Sp,0
-5.489150643,2.435271025,,Sp,0
-2.797290569,-16.18249803,,Sp,0
-13.63153116,12.59128555,,Sp,0
-4.027981729,5.975340381,,Sp,0
-17.25532056,10.33624477,,Sp,0
-12.7407002,15.12388194,,Sp,0
-15.25875414,11.10716042,,Sp,0
14.2039068,5.826175433,,Sp,0
-15.78538603,10.56634142,,Sp,0
0.458996824,-2.573558802,,Sp,0
4.166589057,-7.039816749,,Sp,0
-3.297095798,5.36887129,,Sp,0
-12.27939011,14.57955846,,Sp,0
-4.538062392,-13.54458526,,Sp,0
-7.182647944,12.68552179,,Sp,0
-4.851396731,-13.87836886,,Sp,0
-8.465619527,5.18050959,,Nv,1
-18.51597011,7.677573004,,Nv,1
-1.91334194,7.245484218,,Nv,1
-6.406339236,7.239789339,,Nv,1
-9.698583323,10.18009099,,Nv,1
4.567467879,-12.53514634,,Nv,1
4.49752663,2.211813637,,Nv,1
-15.51643398,11.30840476,,Nv,1
-15.21714659,10.45550627,,Nv,1
-5.786600333,8.064964664,,Nv,1
-15.08620691,11.44320846,,Nv,1
-6.062389307,7.773036121,,Nv,1
-16.49452336,4.174781061,,Nv,1
-16.34338546,4.261559302,,Nv,1
-12.72696041,7.728776267,,Nv,1
-10.99590555,7.222081153,,Nv,1
-10.80038558,3.657568843,,Nv,1
-7.938495875,3.289848791,,Nv,1
-17.03862888,11.72900651,,Nv,1
-0.907045915,-6.852071304,,Nv,1
-6.177862397,7.160684305,,Nv,1
5.659230679,-10.57432805,,Nv,1
-3.558220174,-9.974363093,,Sp,0
16.04518007,-3.56099274,,Sp,0
-6.243060023,-12.94005867,,Sp,0
16.03282776,-3.923005738,,Sp,0
-2.833482835,-15.02556886,,Sp,0
16.04669162,-3.781900159,,Sp,0
20.20628935,3.594762997,,Sp,0
-0.458722327,-15.31080539,,Sp,0
15.98395987,-4.333974545,,Sp,0
2.564011453,-6.425046386,,Sp,0
13.79716438,-4.714261157,,Sp,0
-0.367144868,-16.20433927,,Sp,0
-1.595073891,-15.94145781,,Sp,0
-1.328565213,-13.05451107,,Sp,0
16.1218055,-4.043811284,,Sp,0
-0.318332808,-16.08181362,,Sp,0
3.515281444,-12.06813103,,Sp,0
-2.276419303,-15.97806399,,Sp,0
-3.78847266,-15.47026264,,Sp,0
-0.371790907,-16.98657253,,Sp,0
-2.19860671,-15.34312298,,Sp,0
-3.076989371,-15.46648429,,Sp,0
-0.803862998,-13.49251395,,Nv,1
-8.958072161,-4.030671629,,Nv,1
16.20186214,-1.491892786,,Nv,1
-4.273542521,-16.04991002,,Nv,1
1.256096418,-1.610638006,,Nv,1
-1.31531106,-15.626077,,Nv,1
-10.43386494,7.291377118,,Nv,1
-11.08986058,6.994814685,,Nv,1
1.985401778,3.541026964,,Nv,1
-15.04150978,-4.146780621,,Nv,1
-4.081800114,0.01521945,,Nv,1
-7.436657612,5.974600114,,Nv,1
-3.486904828,-8.893389012,,Nv,1
-4.259217991,-15.45752624,,Nv,1
-3.914490388,-15.45035778,,Nv,1
-3.822433164,-15.79691513,,Nv,1
-14.79502042,6.197542797,,Nv,1
-4.768871013,-5.028324124,,Nv,1
3.872357495,9.578969028,,Nv,1
-12.36696974,8.263806356,,Nv,1
-16.40544049,6.686967136,,Nv,1
-1.907686194,-12.77201901,,Nv,1
8.208541706,-5.368594603,,Sp,0
6.140656784,-9.332547781,,Sp,0
8.465819009,-9.558688903,,Sp,0
-1.620891201,-10.92021472,,Sp,0
8.29725349,-8.683816388,,Sp,0
7.62023756,-10.0435811,,Sp,0
15.83691469,-2.346213501,,Sp,0
8.636157078,-10.34194019,,Sp,0
9.244621784,-8.023561331,,Sp,0
6.299564408,-7.910544739,,Sp,0
2.276906191,-11.1869501,,Sp,0
21.38099542,3.714830024,,Sp,0
7.71053595,-9.633311234,,Sp,0
7.401180532,-6.048384304,,Sp,0
13.67514225,-4.615769303,,Sp,0
8.873097543,-6.757047363,,Sp,0
17.70604975,-0.162616515,,Sp,0
-1.898295094,-16.00809283,,Sp,0
-1.070788194,-14.18764204,,Sp,0
9.271616735,-8.406043949,,Sp,0
7.44730031,-11.28987208,,Sp,0
21.87380255,4.041998225,,Sp,0
-8.475363783,0.233433544,,Nv,1
4.294914455,-10.95574494,,Nv,1
-1.494927557,10.60093494,,Nv,1
18.69659022,4.06314151,,Nv,1
-3.962589437,-4.21678301,,Nv,1
-0.335096635,-17.43087143,,Nv,1
-7.039848691,2.889123797,,Nv,1
7.497126482,-8.109077925,,Nv,1
-3.880169964,1.473674481,,Nv,1
6.111642895,-14.23915997,,Nv,1
-0.169375677,-0.115392927,,Nv,1
12.15002619,-4.436854733,,Nv,1
-0.080529765,2.811385432,,Nv,1
14.74658578,1.822675793,,Nv,1
-2.926703679,-2.539663167,,Nv,1
-16.748819,9.314966031,,Nv,1
0.50901425,-0.328862101,,Nv,1
-2.00584739,-5.619671294,,Nv,1
-2.147422053,0.360424481,,Nv,1
-8.196503589,-0.337718207,,Nv,1
-6.687226251,-3.192525845,,Nv,1
5.072301277,-7.105633902,,Nv,1
6.920783563,-8.088608909,,Sp,0
17.57168967,0.889871642,,Sp,0
15.12840164,-1.622741292,,Sp,0
17.5322688,-1.14310354,,Sp,0
0.281767649,-6.626023188,,Sp,0
8.390337346,-5.933764191,,Sp,0
1.362950963,-16.16165808,,Sp,0
2.379332088,-6.147698517,,Sp,0
4.49447378,-9.812438409,,Sp,0
22.94019167,4.105732077,,Sp,0
3.853283444,-7.03272887,,Sp,0
12.75872571,0.631962753,,Sp,0
9.269279587,-7.577787396,,Sp,0
3.465448211,-12.6796277,,Sp,0
6.218771493,-9.406114554,,Sp,0
7.911159822,-7.870448908,,Sp,0
16.8339025,-0.583252137,,Sp,0
9.419586153,-6.88975922,,Sp,0
17.257603,-0.90908956,,Sp,0
2.595639387,-1.712850341,,Sp,0
5.138786871,-6.067088135,,Sp,0
-1.450612576,7.039096911,,Sp,0
-5.979756967,7.934078442,,Nv,1
-18.43561495,7.89832924,,Nv,1
-12.67176007,6.286509726,,Nv,1
-9.364501035,2.24706206,,Nv,1
-11.37779994,11.95330305,,Nv,1
-4.550570628,-15.72787668,,Nv,1
6.84752489,9.176079946,,Nv,1
-6.585571592,-1.971134489,,Nv,1
-5.184877858,-12.38687729,,Nv,1
-9.669980357,6.07117626,,Nv,1
15.70899235,-2.762599976,,Nv,1
-10.32899914,11.49265601,,Nv,1
-8.710529388,6.860361537,,Nv,1
20.94128255,4.154942074,,Nv,1
-9.733912136,9.135971195,,Nv,1
-4.086187401,-0.617702936,,Nv,1
-10.58635263,11.9840779,,Nv,1
-13.73857893,5.379083467,,Nv,1
-12.77966892,14.62234459,,Nv,1
-15.47488769,4.315858556,,Nv,1
-13.16266636,13.56779657,,Nv,1
-13.15243551,8.602327995,,Nv,1
8.967641359,-8.962568926,,Sp,0
11.70579555,-3.71896944,,Sp,0
-2.81876223,-12.45514821,,Sp,0
16.1813961,-1.194731468,,Sp,0
22.4290523,2.317616109,,Sp,0
-3.266543973,11.09322478,,Sp,0
5.847025038,-11.39520351,,Sp,0
16.26563188,-3.639033238,,Sp,0
11.76486346,-2.828727588,,Sp,0
-2.373675925,-11.29629236,,Sp,0
-0.054418466,-12.52070067,,Sp,0
19.14359122,3.996657046,,Sp,0
11.74967422,-4.407403836,,Sp,0
-0.658225871,-10.37083251,,Sp,0
-0.909671306,-9.779778828,,Sp,0
1.099592996,-9.671845511,,Sp,0
7.341717696,-9.143534543,,Sp,0
1.261923109,-13.19068993,,Sp,0
-1.191308408,-8.842295234,,Sp,0
-14.64648986,8.925093802,,Sp,0
-3.021393172,8.208067291,,Sp,0
-3.458107253,-11.6647888,,Sp,0
-5.882038051,0.697234575,,Nv,1
-9.845851227,-0.016685804,,Nv,1
5.673890017,9.534039211,,Nv,1
-4.201302728,-16.53526513,,Nv,1
-16.64400755,7.882563642,,Nv,1
-9.454212566,-4.945139722,,Nv,1
14.29327294,3.452444151,,Nv,1
1.863263278,2.91862842,,Nv,1
-10.54770762,10.61671473,,Nv,1
-12.87162768,7.183837892,,Nv,1
-9.744452183,2.558462598,,Nv,1
-12.807502,12.71334181,,Nv,1
-18.63863728,7.855666889,,Nv,1
-2.207924783,-6.249641586,,Nv,1
-10.85490042,11.4504163,,Nv,1
-7.469597708,1.306093805,,Nv,1
-13.35099441,6.315897005,,Nv,1
-5.386611144,-2.251977649,,Nv,1
-7.029081216,-0.090943839,,Nv,1
7.600170943,11.12571142,,Nv,1
-8.601831912,6.430878184,,Nv,1
-0.454622881,7.120787299,,Nv,1
9.227722353,-1.05861845,,Sp,0
5.940309555,-6.256900658,,Sp,0
22.94837961,4.065251365,,Sp,0
-1.744591074,-10.88635147,,Sp,0
1.217907562,-1.511175218,,Sp,0
23.44084781,3.569864065,,Sp,0
5.241730514,7.450030368,,Sp,0
7.701738958,9.038095872,,Sp,0
-4.570798516,6.325966518,,Sp,0
14.52001474,-0.2216764,,Sp,0
23.08282498,3.676950922,,Sp,0
16.17713384,2.113196165,,Sp,0
3.908858557,-10.01908405,,Sp,0
2.547190069,-3.258080779,,Sp,0
6.17774291,-1.531865747,,Sp,0
-2.79318132,-2.808028209,,Sp,0
-5.361195736,3.451288073,,Sp,0
15.05283828,2.789711214,,Sp,0
0.062666295,-3.806628721,,Sp,0
23.12660645,3.336541337,,Sp,0
22.47008854,3.53974714,,Sp,0
10.12941094,-3.486164174,,Sp,0
-18.29613173,5.59416358,,Nv,1
0.14716695,13.7610007,,Nv,1
-15.68178945,5.955679458,,Nv,1
-3.672134104,13.74446793,,Nv,1
-6.597326786,-8.488873981,,Nv,1
-5.269531669,-13.719281,,Nv,1
11.46329082,8.614459997,,Nv,1
-18.22653849,10.65892889,,Nv,1
-18.8175039,7.879342014,,Nv,1
-18.6476446,6.601915167,,Nv,1
8.094207847,6.590928007,,Nv,1
15.67113136,-8.795762948,,Nv,1
-18.77243423,5.875336195,,Nv,1
-5.235240916,7.040329856,,Nv,1
-11.41789886,6.582912542,,Nv,1
-1.806976402,3.970078506,,Nv,1
-11.00830445,-0.397791625,,Nv,1
0.104068095,-15.64793436,,Nv,1
21.01048363,1.574315588,,Nv,1
15.67738433,-8.795616513,,Nv,1
-18.80556484,7.790553545,,Nv,1
-6.198603897,-14.69768171,,Nv,1
1.815776694,-12.13371145,,Sp,0
-3.750261574,-9.327680832,,Sp,0
-5.953631038,-14.42799384,,Sp,0
-0.811959787,-13.23922345,,Sp,0
-0.820295175,-8.968231505,,Sp,0
-2.829876088,-12.07224447,,Sp,0
13.98493337,-4.951780487,,Sp,0
3.800697469,-9.941501273,,Sp,0
4.352588202,-10.30166013,,Sp,0
-2.037009763,-13.57560787,,Sp,0
-1.950160836,-13.5340125,,Sp,0
-13.43816684,6.040600397,,Sp,0
16.30403004,-3.961330004,,Sp,0
-0.561061037,-14.24368215,,Sp,0
1.796826036,-8.567012823,,Sp,0
0.537931007,14.23994144,,Sp,0
0.29814042,-9.755586478,,Sp,0
9.259509588,-8.037416997,,Sp,0
-3.723307895,-5.202632314,,Sp,0
-2.863744742,-12.71744478,,Sp,0
19.45257004,2.665769284,,Sp,0
-2.525874611,-16.71323588,,Sp,0
-2.133892362,-0.061884991,,Nv,1
-3.795304498,-2.373703316,,Nv,1
19.79331714,1.217779013,,Nv,1
-10.17895354,11.3502282,,Nv,1
-6.919580918,3.605267979,,Nv,1
0.070014996,-8.643367909,,Nv,1
-10.1882185,11.67266181,,Nv,1
-6.711041197,-12.6055888,,Nv,1
14.63222631,5.428544941,,Nv,1
-12.39893192,12.37933473,,Nv,1
-4.600173654,-16.38764919,,Nv,1
3.006718122,-10.79070375,,Nv,1
-2.61887124,-16.88273489,,Nv,1
1.491969811,-0.017777559,,Nv,1
-9.679909257,-0.03511048,,Nv,1
-13.44699062,14.65962494,,Nv,1
-14.52774408,-0.650154239,,Nv,1
5.078926681,-4.491133334,,Nv,1
-4.323345189,-15.16907295,,Nv,1
-2.668155696,-0.668101626,,Nv,1
-15.83626568,7.739096436,,Nv,1
-5.137448108,-16.84604744,,Nv,1
13.5563272,-4.661859306,,Sp,0
5.71788738,-6.255585159,,Sp,0
-11.72404377,5.646974146,,Sp,0
23.69692423,3.660517178,,Sp,0
2.545098996,-6.269928066,,Sp,0
-2.458404414,-11.62475731,,Sp,0
-1.975418879,-10.59866583,,Sp,0
20.52436166,3.509185959,,Sp,0
-3.379803358,-6.964907187,,Sp,0
-4.321498958,-3.522615431,,Sp,0
22.0017483,3.694102562,,Sp,0
-4.936691838,-1.845227537,,Sp,0
22.40425714,3.818992932,,Sp,0
-11.47349413,7.922579782,,Sp,0
0.467746722,-4.48842226,,Sp,0
16.02166636,-2.323316109,,Sp,0
7.137394785,-11.38488454,,Sp,0
6.223712359,-5.594956768,,Sp,0
22.5293611,3.947558262,,Sp,0
5.847687233,-6.927297394,,Sp,0
0.365270837,-0.411755765,,Sp,0
7.217750587,10.56808609,,Sp,0
-8.099218048,-0.103991009,,Nv,1
21.95292636,2.01462236,,Nv,1
-14.25279091,8.580428056,,Nv,1
17.32166229,7.083908678,,Nv,1
-4.15681274,-13.22532621,,Nv,1
4.925186507,-12.24306106,,Nv,1
-10.12833952,11.01630364,,Nv,1
-2.906844275,8.15992309,,Nv,1
-6.159487962,7.672736453,,Nv,1
-12.5322783,-3.168564002,,Nv,1
-0.989865255,-9.929312383,,Nv,1
-14.98315306,-0.095465011,,Nv,1
-16.8545368,9.954646871,,Nv,1
-13.91550087,15.88786609,,Nv,1
-6.542870942,15.45902532,,Nv,1
-3.836261535,-0.707442263,,Nv,1
18.98183285,-2.947098411,,Nv,1
-4.1021989,-16.97034958,,Nv,1
-16.44387891,6.116320619,,Nv,1
-3.348217792,-13.77239593,,Nv,1
22.01379991,2.047996576,,Nv,1
4.886239219,-11.99189877,,Nv,1
0.584177928,-16.41994255,,Sp,0
-0.045872347,-8.345547364,,Sp,0
-4.184188754,-13.02322938,,Sp,0
3.652112201,8.764872108,,Sp,0
-0.033912588,-15.83204354,,Sp,0
0.477045862,-16.1390326,,Sp,0
5.668503194,9.599801437,,Sp,0
-5.046656784,-9.777221863,,Sp,0
0.8096013,-15.58426348,,Sp,0
-16.05374144,10.48859578,,Sp,0
-0.469696724,-14.87736254,,Sp,0
1.60484519,-7.89564525,,Sp,0
-2.61116831,-13.85585851,,Sp,0
-0.151556349,-16.49590501,,Sp,0
-0.233919447,2.94510607,,Sp,0
3.377376112,-7.93599501,,Sp,0
0.11475701,-7.722262028,,Sp,0
11.64312765,-7.072982975,,Sp,0
12.12253268,3.019013983,,Sp,0
-4.548000927,-13.15624934,,Sp,0
0.254030542,-9.263266739,,Sp,0
-1.23965812,-14.86281313,,Sp,0
-5.119795792,4.295167969,,Nv,1
-14.84722297,-4.13823055,,Nv,1
20.88649089,3.83930586,,Nv,1
-2.33217681,-0.053769519,,Nv,1
-3.661355241,-13.55401574,,Nv,1
-1.738679935,-4.898948809,,Nv,1
-3.638036785,14.00855958,,Nv,1
-13.69743305,5.182088358,,Nv,1
-14.46180773,9.163968911,,Nv,1
21.67628622,2.99092485,,Nv,1
-6.804968658,-1.425331242,,Nv,1
-12.07411642,4.778294386,,Nv,1
-10.59280896,0.596846196,,Nv,1
3.015299943,3.051846203,,Nv,1
-6.910486894,1.507504201,,Nv,1
4.655511,7.342990681,,Nv,1
-8.835200967,6.817091262,,Nv,1
-0.334491417,-5.454089241,,Nv,1
-11.15395514,4.579045703,,Nv,1
-15.164725,4.391487496,,Nv,1
-15.98003323,12.49912241,,Nv,1
11.68603741,6.622410164,,Nv,1
-0.528898144,-16.48603874,,Sp,0
-4.206753359,-5.605090234,,Sp,0
6.606276466,9.372681475,,Sp,0
-1.142024323,-11.64528971,,Sp,0
-2.846827715,-16.16099322,,Sp,0
-4.811266763,-14.6681158,,Sp,0
2.258293603,-12.90631474,,Sp,0
-14.86148771,7.954290848,,Sp,0
-10.2232315,-10.07765378,,Sp,0
-2.455055097,-15.02663263,,Sp,0
-4.892401578,-10.94896961,,Sp,0
-0.868540514,-12.22650843,,Sp,0
7.885853459,-8.879003713,,Sp,0
5.036113962,-8.693467825,,Sp,0
0.750564492,-10.30978353,,Sp,0
6.752054867,-7.058035745,,Sp,0
10.23656889,-4.539938564,,Sp,0
7.148599552,-7.954057326,,Sp,0
-4.266793427,-14.11202954,,Sp,0
-2.744190353,-16.20808454,,Sp,0
8.734096024,9.865848601,,Sp,0
-0.048914835,-7.264278397,,Sp,0
-3.156333643,1.044843761,,Nv,1
-6.839045185,9.01357165,,Nv,1
15.95175547,-0.012673046,,Nv,1
-3.668149568,0.327910163,,Nv,1
-3.120425189,2.266723604,,Nv,1
-13.46761288,-8.455818777,,Nv,1
-9.715869245,3.736857456,,Nv,1
16.97115286,-1.095729659,,Nv,1
-10.31600606,6.928345101,,Nv,1
-5.727120839,-5.136196136,,Nv,1
20.50954795,6.158756011,,Nv,1
0.568862751,-8.468356994,,Nv,1
1.393108262,-9.801336101,,Nv,1
-3.670320974,0.112695077,,Nv,1
-13.1229315,11.7576386,,Nv,1
10.49358637,1.213467101,,Nv,1
-6.606046836,9.015656801,,Nv,1
10.11079052,-0.398766904,,Nv,1
-10.40242457,4.334291605,,Nv,1
-9.013394828,1.872988505,,Nv,1
-7.165964441,5.356779537,,Nv,1
2.784978998,-8.375035062,,Nv,1
0.384312456,-9.564052076,,Sp,0
12.81205466,-1.250765569,,Sp,0
10.10512551,-3.003455963,,Sp,0
-1.317467248,-10.45685748,,Sp,0
0.614404735,-11.06110184,,Sp,0
0.07860038,-11.70333183,,Sp,0
-1.709590082,-12.19804547,,Sp,0
22.10111458,4.089897916,,Sp,0
0.075550627,-12.419819,,Sp,0
0.451507236,-12.09335741,,Sp,0
15.16786282,-1.398579074,,Sp,0
1.150098004,-13.15730943,,Sp,0
0.361370632,-12.01985798,,Sp,0
12.71164961,-1.14351031,,Sp,0
0.622726123,-12.77833186,,Sp,0
-0.289704003,-11.90988513,,Sp,0
0.590112998,-12.3677771,,Sp,0
0.769803418,-10.45669549,,Sp,0
0.243659113,-12.22913091,,Sp,0
-4.491900014,-10.0172516,,Sp,0
0.606270311,-11.8370552,,Sp,0
1.349126824,-13.28852073,,Sp,0
17.52843033,5.088214567,,Nv,1
-16.38487818,11.09219021,,Nv,1
2.374937905,-16.16292727,,Nv,1
-11.26992027,7.325007271,,Nv,1
-15.56158482,13.70575201,,Nv,1
-8.154787256,4.385117059,,Nv,1
-7.941589932,3.399092607,,Nv,1
-16.3830767,11.61355717,,Nv,1
-9.229552355,3.647153102,,Nv,1
-3.525289419,12.3016203,,Nv,1
0.932464855,-15.40755421,,Nv,1
-15.85150481,11.47395119,,Nv,1
-15.60879638,13.71751165,,Nv,1
-17.37519136,11.19048162,,Nv,1
-3.434557805,11.48769239,,Nv,1
-6.252317445,-11.83562238,,Nv,1
-11.9569151,13.33962508,,Nv,1
-3.252819047,10.78808552,,Nv,1
-17.15245859,11.17219279,,Nv,1
-15.86573255,6.537996801,,Nv,1
24.05477083,2.582068947,,Nv,1
-4.171912106,-7.477447525,,Nv,1
-3.010442768,11.68065702,,Sp,0
17.55315396,6.300257739,,Sp,0
16.56044608,6.725217326,,Sp,0
-2.968762554,10.79468271,,Sp,0
17.88214503,6.035927652,,Sp,0
-3.530435703,11.93903072,,Sp,0
-11.8475989,15.01039309,,Sp,0
-2.643435096,10.90209423,,Sp,0
-13.23004942,9.495332705,,Sp,0
-18.03934553,9.257812215,,Sp,0
19.99605316,4.134926586,,Sp,0
-3.291661964,12.02769293,,Sp,0
-16.20306473,10.62696552,,Sp,0
-14.27585871,12.2443867,,Sp,0
-2.094876891,-14.07184046,,Sp,0
-5.150487099,9.241077798,,Sp,0
-16.15622873,10.44631261,,Sp,0
-2.205780247,-14.51720552,,Sp,0
-3.514431717,10.3179745,,Sp,0
22.29079818,3.867820851,,Sp,0
-2.355888422,11.11840141,,Sp,0
0.422757932,-15.99147995,,Sp,0
-8.301225605,6.588760749,,Nv,1
-12.94630041,4.998785058,,Nv,1
-12.73696002,13.84716672,,Nv,1
14.58247525,5.334606233,,Nv,1
-13.23534634,13.37122118,,Nv,1
-14.23908903,6.979718208,,Nv,1
-12.04410136,12.59298059,,Nv,1
-3.83721546,-6.858542779,,Nv,1
-10.20491023,14.29677555,,Nv,1
-11.58337479,12.73173823,,Nv,1
-13.16779732,13.31228357,,Nv,1
-11.97772855,4.356912049,,Nv,1
-14.95621704,10.63077555,,Nv,1
-10.9802701,11.4228435,,Nv,1
-13.1359446,6.217597315,,Nv,1
-2.164799892,-1.164954792,,Nv,1
-11.62748004,14.30112205,,Nv,1
19.86632148,4.505577777,,Nv,1
-14.95897342,13.23951034,,Nv,1
-14.54201568,9.667508929,,Nv,1
-14.23465409,10.44682139,,Nv,1
-5.998781162,0.831250489,,Nv,1
-14.94792688,11.13371028,,Sp,0
2.905423307,8.048916146,,Sp,0
-10.99224561,9.311212251,,Sp,0
-14.92599051,9.851790559,,Sp,0
17.24916722,4.422712345,,Sp,0
-3.029532529,10.34390454,,Sp,0
-10.12269885,14.25071759,,Sp,0
-13.22209648,7.759212078,,Sp,0
-10.37814435,8.410180398,,Sp,0
-14.83914201,10.58881235,,Sp,0
-3.356564497,10.56600994,,Sp,0
7.430406807,11.154947,,Sp,0
-15.65060719,9.852008233,,Sp,0
-11.55481196,7.190781307,,Sp,0
-15.0480831,10.79348491,,Sp,0
0.509805642,14.24976091,,Sp,0
-6.923797639,9.053890676,,Sp,0
2.967100981,8.412878986,,Sp,0
12.16339538,4.958893681,,Sp,0
-15.17259013,11.11023392,,Sp,0
-13.14473423,9.242113502,,Sp,0
-12.55317478,6.840476957,,Sp,0
-6.440635987,-9.654629891,,Nv,1
1.108279194,-3.677955055,,Nv,1
9.625156065,0.677673279,,Nv,1
-2.398968539,-0.718050505,,Nv,1
-11.28270339,9.213529095,,Nv,1
-11.33662125,10.14221103,,Nv,1
-9.48764033,5.440616863,,Nv,1
-2.128297808,15.55651819,,Nv,1
10.15403538,-2.211641422,,Nv,1
-14.84274382,2.155193128,,Nv,1
-2.920965213,1.22155494,,Nv,1
6.990071782,10.65450029,,Nv,1
4.713893493,0.841380574,,Nv,1
-5.958069907,13.57313437,,Nv,1
-9.225058461,11.38066701,,Nv,1
-5.832090954,13.6553645,,Nv,1
-3.225912058,-3.561699519,,Nv,1
-14.88365661,0.038232052,,Nv,1
19.77126561,0.922999802,,Nv,1
-7.262531604,9.371235034,,Nv,1
-3.163005541,-11.11680493,,Nv,1
-5.25280937,1.035376881,,Nv,1
-2.268116175,-2.843465834,,Sp,0
5.889295456,-4.790298121,,Sp,0
5.983132843,8.972940897,,Sp,0
4.490952368,-9.75965077,,Sp,0
0.684230485,-3.049837521,,Sp,0
17.37079788,4.221806376,,Sp,0
16.93793643,2.739353972,,Sp,0
10.15472394,-8.500090859,,Sp,0
0.607827311,14.32932122,,Sp,0
7.686416224,-1.324359402,,Sp,0
8.110832964,11.56708377,,Sp,0
16.69557604,2.599995265,,Sp,0
2.832447201,-2.93534646,,Sp,0
5.018505554,-3.489562694,,Sp,0
9.354229456,-0.772826506,,Sp,0
12.91854131,-2.272113445,,Sp,0
10.51904423,3.078167867,,Sp,0
23.06729891,4.328656391,,Sp,0
10.53872189,-6.65834199,,Sp,0
-10.70216434,7.676494469,,Sp,0
7.352337988,-6.481428532,,Sp,0
8.047511617,1.160573249,,Sp,0
-6.093266199,3.88230815,,Nv,1
-12.47192203,-1.249769074,,Nv,1
18.12213037,5.300561972,,Nv,1
-13.66539,6.435246224,,Nv,1
-9.944154237,11.49645898,,Nv,1
1.707722301,-5.210444827,,Nv,1
-9.411446919,-2.312093537,,Nv,1
1.345632929,-9.07432997,,Nv,1
-15.70122706,7.814493386,,Nv,1
-8.873667033,12.50646286,,Nv,1
-18.19827633,7.506359289,,Nv,1
-12.76908717,-0.565870591,,Nv,1
-11.17426961,-6.987844222,,Nv,1
-8.033949478,9.960502242,,Nv,1
14.55913532,3.563360471,,Nv,1
-10.65575226,0.163442293,,Nv,1
-4.505466503,-4.780343314,,Nv,1
-10.55386541,10.61959076,,Nv,1
-11.37979065,8.200679765,,Nv,1
-10.86185412,-1.846294384,,Nv,1
-12.06147188,13.16890953,,Nv,1
0.343029695,-8.540472109,,Nv,1
3.466998036,-8.964563556,,Sp,0
1.345261988,-2.892994722,,Sp,0
15.55586107,1.702435932,,Sp,0
23.47459343,4.108570071,,Sp,0
10.370318,3.292862964,,Sp,0
12.212905,0.271825237,,Sp,0
12.55828663,-3.85867948,,Sp,0
11.46450477,-2.863765477,,Sp,0
18.87853738,2.134183678,,Sp,0
-2.903163391,8.437947459,,Sp,0
23.33294787,4.278906438,,Sp,0
3.501265806,8.926864001,,Sp,0
4.797392973,-7.087139864,,Sp,0
-11.82183174,8.204096644,,Sp,0
23.1119498,4.148377116,,Sp,0
13.42307716,-2.243063947,,Sp,0
10.88331107,-3.583039041,,Sp,0
11.67461469,4.101787306,,Sp,0
7.022517312,-10.31700801,,Sp,0
3.11874133,-9.997791917,,Sp,0
-6.247909617,0.517739169,,Sp,0
10.54416743,-3.311596734,,Sp,0
-11.49095292,0.943078925,,Nv,1
-15.69572611,-1.25359664,,Nv,1
-11.17612503,-0.995935343,,Nv,1
-14.4428792,-1.697508288,,Nv,1
0.174792077,13.77559251,,Nv,1
-11.68450782,-2.321546627,,Nv,1
-10.26521814,13.2062425,,Nv,1
-11.02084141,-3.907123839,,Nv,1
-14.671949,-0.944203627,,Nv,1
-14.15316899,-2.600685893,,Nv,1
-11.99074663,-2.155149821,,Nv,1
-11.59007158,1.001195922,,Nv,1
-11.14043451,13.15237173,,Nv,1
-9.380226681,13.16829986,,Nv,1
-12.38758807,-3.82051286,,Nv,1
-12.07202496,-5.846080369,,Nv,1
-13.81847264,-3.420773803,,Nv,1
-13.65048626,-3.632535753,,Nv,1
-14.65120091,-2.442390885,,Nv,1
-10.54991689,3.438118542,,Nv,1
-12.09526356,13.2175346,,Nv,1
-11.98940642,-11.65346116,,Nv,1
-13.51976646,-4.693403465,,Sp,0
-11.99213505,-5.097287157,,Sp,0
-12.57584408,-4.663374982,,Sp,0
-13.55473557,-4.063856291,,Sp,0
-12.69441611,-3.548908755,,Sp,0
-12.19650865,2.628308187,,Sp,0
-14.02033599,-0.587579692,,Sp,0
-13.95493301,0.005381084,,Sp,0
-13.59869085,-3.80524673,,Sp,0
-12.94720632,-4.387480469,,Sp,0
-13.50685472,-4.138514372,,Sp,0
-13.59966737,-3.59284823,,Sp,0
-13.35723771,-2.905014211,,Sp,0
-11.89130817,-2.038672558,,Sp,0
-13.79283672,-4.36473734,,Sp,0
-13.46560405,-4.647127278,,Sp,0
-13.34652199,-3.973476256,,Sp,0
-13.56459825,-4.663976802,,Sp,0
-13.21984443,-3.458648179,,Sp,0
-3.758361384,12.39027928,,Sp,0
-11.76541983,9.143089584,,Sp,0
-13.30131709,-3.748955935,,Sp,0